,,,소계,매립시설,기타시설,소계,인건비,차량운영비,장비구입비,위탁처리비,시설관리비,기타
전국,합계,"4,646,890,762","226,592,005","63,444,140","163,147,865","4,420,298,757","1,038,599,883","68,794,880","97,570,692","2,382,005,979","434,048,266","399,279,057"
서울,소계,"731,639,315","926,768",0,"926,768","730,712,547","139,040,192","11,205,218","24,004,332","414,650,956","17,344,788","124,467,061"
,종로구,"27,159,409",0,0,0,"27,159,409","555,429","976,818","2,304,000","6,301,352","487,915","16,533,895"
,중구,"11,632,733",0,0,0,"11,632,733",0,0,0,"11,632,733",0,0
,용산구,"32,825,500",0,0,0,"32,825,500","7,669,115","1,015,946","178,433","13,446,268","1,322,956","9,192,782"
,성동구,"39,250,924",0,0,0,"39,250,924","11,647,011","733,799",0,"16,914,286",0,"9,955,828"
,광진구,"36,459,252",0,0,0,"36,459,252","11,054,272","638,716","1,431,000","16,588,219",0,"6,747,045"
,동대문구,"30,637,744",0,0,0,"30,637,744","16,273,718","1,217,194","1,217,195","5,170,518","4,882,272","1,876,847"
,중랑구,"30,759,407",0,0,0,"30,759,407","4,577,837","410,214","2,104,584","21,870,952","1,043,077","752,743"
,성북구,"9,546,000",0,0,0,"9,546,000",0,0,0,"9,546,000",0,0
,강북구,"31,733,532",0,0,0,"31,733,532","8,839,947","1,283,729","11,630,275","8,735,253","833,302","411,026"
,도봉구,"26,765,336","926,768",0,"926,768","25,838,568","7,144,389","370,046","556,887","1,062,423","1,081,608","15,623,215"
,노원구,"9,091,984",0,0,0,"9,091,984",0,0,0,"6,472,895","20,000","2,599,089"
,은평구,"12,958,259",0,0,0,"12,958,259",0,0,0,"12,958,259",0,0
,서대문구,"16,755,741",0,0,0,"16,755,741","7,732,165","388,080","253,350","8,382,146",0,0
,마포구,"41,575,267",0,0,0,"41,575,267",0,0,0,"19,864,358","81,584","21,629,325"
,양천구,"26,058,450",0,0,0,"26,058,450","5,928,517","250,163","226,955","18,535,000","173,504","944,311"
,강서구,"12,682,449",0,0,0,"12,682,449","2,176,017",0,"145,645","8,687,738",0,"1,673,049"
,구로구,"14,158,458",0,0,0,"14,158,458",0,0,0,"14,158,458",0,0
,금천구,"9,235,528",0,0,0,"9,235,528",0,0,0,"9,235,528",0,0
,영등포구,"40,303,089",0,0,0,"40,303,089","11,097,612","697,240","858,000","22,358,983","130,688","5,160,566"
,동작구,"41,384,957",0,0,0,"41,384,957","7,379,202","394,201","879,000","22,971,879","383,216","9,377,459"
,관악구,"46,906,032",0,0,0,"46,906,032","13,819,894","1,482,447","364,306","17,239,923","510,553","13,488,909"
,서초구,"42,591,157",0,0,0,"42,591,157","6,327,281","351,241","1,348,627","32,141,219","2,300,017","122,772"
,강남구,"64,832,638",0,0,0,"64,832,638",0,0,0,"59,959,139","3,324,519","1,548,980"
,송파구,"47,598,610",0,0,0,"47,598,610","9,663,890","415,656","67,970","34,931,931","746,692","1,772,471"
,강동구,"28,736,859",0,0,0,"28,736,859","7,153,896","579,728","438,105","15,485,496","22,885","5,056,749"
부산,소계,"249,578,689",0,0,0,"249,578,689","73,666,616","1,901,453","3,280,716","155,457,677","2,167,190","13,105,037"
,중구,"9,390,874",0,0,0,"9,390,874","4,582,760","107,718","159,581","4,515,971","16,396","8,448"
,서구,"13,530,917",0,0,0,"13,530,917","3,535,558","161,367","250,035","7,758,917","420,731","1,404,309"
,동구,"11,093,505",0,0,0,"11,093,505","3,830,205","145,582","105,542","6,265,355","28,939","717,882"
,영도구,"12,708,302",0,0,0,"12,708,302","4,606,203","476,944","288,490","6,991,514","161,643","183,508"
,부산진구,"25,991,038",0,0,0,"25,991,038","8,431,597","14,823","269,202","14,397,694","291,713","2,586,009"
,동래구,"15,380,026",0,0,0,"15,380,026","3,732,487","112,186","228,799","11,283,452","23,102",0
,남구,"20,325,222",0,0,0,"20,325,222","6,788,314","107,414","122,515","9,912,000","70,042","3,324,937"
,북구,"16,004,699",0,0,0,"16,004,699","4,577,782","3,078","95,915","9,950,321","37,808","1,339,795"
,해운대구,"26,539,728",0,0,0,"26,539,728","8,082,194","229,097","763,674","16,193,730","179,720","1,091,313"
,사하구,"18,213,805",0,0,0,"18,213,805","5,430,656",0,0,"12,691,532","91,617",0
,금정구,"16,595,790",0,0,0,"16,595,790","3,942,876","135,165","50,500","11,176,327",0,"1,290,922"
,강서구,"10,607,147",0,0,0,"10,607,147","1,791,897","26,507","98,377","8,400,637","44,089","245,640"
,연제구,"13,784,374",0,0,0,"13,784,374","3,289,381","82,119","126,691","9,581,729","217,611","486,843"
,수영구,"15,142,229",0,0,0,"15,142,229","5,395,360","299,453","481,982","8,499,459","399,423","66,552"
,사상구,"17,537,623",0,0,0,"17,537,623","5,649,346",0,"239,413","11,105,629","184,356","358,879"
,기장군,"6,733,410",0,0,0,"6,733,410",0,0,0,"6,733,410",0,0
대구,소계,"169,940,057",0,0,0,"169,940,057","67,212,277","2,541,964","3,611,916","82,967,737","574,337","13,031,826"
,대구시,0,0,0,0,0,0,0,0,0,0,0
,중구,"14,482,387",0,0,0,"14,482,387","9,307,033","552,679","58,391","3,971,443","53,268","539,573"
,동구,"28,388,396",0,0,0,"28,388,396","13,459,334","643,123","949,186","12,555,593",0,"781,160"
,서구,"17,270,142",0,0,0,"17,270,142","8,194,327","318,441","265,000","6,204,273",0,"2,288,101"
,남구,"15,152,168",0,0,0,"15,152,168","7,156,467","368,726","75,986","5,661,488","90,183","1,799,318"
,북구,"33,782,917",0,0,0,"33,782,917","12,440,766","502,122","1,744,948","17,417,453","277,000","1,400,628"
,수성구,"6,399,060",0,0,0,"6,399,060","438,726","110,213","273,000","5,545,082","32,039",0
,달서구,"43,892,987",0,0,0,"43,892,987","15,431,624","2,660","245,405","22,194,405","121,847","5,897,046"
,달성군,"10,572,000",0,0,0,"10,572,000","784,000","44,000",0,"9,418,000",0,"326,000"
인천,소계,"225,160,284",0,0,0,"225,160,284","67,894,029","2,787,474","6,127,689","130,696,947","3,785,932","13,868,213"
,중구,"22,472,074",0,0,0,"22,472,074","6,263,907","286,969","1,035,633","14,362,638",0,"522,927"
,동구,"6,414,134",0,0,0,"6,414,134","2,621,458","65,240","34,039","3,219,385","125,100","348,912"
,미추홀구,"29,071,929",0,0,0,"29,071,929","10,187,132","1,019,773","1,344,074","16,329,761","191,189",0
,연수구,"21,511,000",0,0,0,"21,511,000","4,883,809","198,428","479,146","15,514,420",0,"435,197"
,남동구,"42,617,977",0,0,0,"42,617,977","12,018,143","252,166",0,"22,839,440","39,945","7,468,283"
,부평구,"32,681,329",0,0,0,"32,681,329","8,929,417","148,284",0,"21,314,207",0,"2,289,421"
,계양구,"23,873,159",0,0,0,"23,873,159","6,793,885","350,746","719,702","13,139,504","1,760,277","1,109,045"
,서구,"38,825,641",0,0,0,"38,825,641","10,445,701","338,919","1,710,986","23,133,161","1,502,446","1,694,428"
,강화군,"4,401,000",0,0,0,"4,401,000","3,382,000","65,949","457,076","359,000","136,975",0
,옹진군,"3,292,041",0,0,0,"3,292,041","2,368,577","61,000","347,033","485,431","30,000",0
,경제청,0,0,0,0,0,0,0,0,0,0,0
광주,소계,"105,088,583",0,0,0,"105,088,583","59,463,885","3,869,771","2,769,096","16,318,914","2,599,015","20,067,902"
,광주시,"15,063,738",0,0,0,"15,063,738",0,0,0,0,0,"15,063,738"
,동구,"10,672,225",0,0,0,"10,672,225","8,410,361","459,860","236,279",0,"943,396","622,329"
,서구,"15,666,463",0,0,0,"15,666,463","6,655,724","1,239,462",0,"3,797,911",0,"3,973,366"
,남구,"15,036,343",0,0,0,"15,036,343","9,551,189","770,090","997,575","3,635,710","81,779",0
,북구,"20,007,869",0,0,0,"20,007,869","15,193,669","965,770","715,120","3,133,310",0,0
,광산구,"28,641,945",0,0,0,"28,641,945","19,652,942","434,589","820,122","5,751,983","1,573,840","408,469"
대전,소계,"100,225,746","4,462,000","700,000","3,762,000","95,763,746","38,804,586","2,903,099","808,618","48,163,256","2,925,184","2,159,003"
,대전시,"37,509,392","4,462,000","700,000","3,762,000","33,047,392",0,0,0,"32,463,636",0,"583,756"
,동구,"18,894,549",0,0,0,"18,894,549","6,376,495","145,375","50,000","10,938,861","170,000","1,213,818"
,중구,"3,648,820",0,0,0,"3,648,820",0,0,0,"3,464,397",0,"184,423"
,서구,"13,083,133",0,0,0,"13,083,133","10,433,693","699,450","248,275","707,262","817,447","177,006"
,유성구,"13,425,850",0,0,0,"13,425,850","9,890,761","1,592,477","323,925","47,915","1,570,772",0
,대덕구,"13,664,002",0,0,0,"13,664,002","12,103,637","465,797","186,418","541,185","366,965",0
울산,소계,"90,798,832",0,0,0,"90,798,832","23,962,724","820,081","1,202,866","50,958,008","3,846,347","10,008,806"
,울산시,"15,799,314",0,0,0,"15,799,314","6,406,856",0,0,"6,300,761","3,091,697",0
,중구,"11,139,292",0,0,0,"11,139,292","2,880,870","17,736","100,000","7,041,772","146,699","952,215"
,남구,"20,393,977",0,0,0,"20,393,977","491,540","374,844","356,500","15,226,065","224,000","3,721,028"
,동구,"11,487,468",0,0,0,"11,487,468","4,508,608","163,791","283,456","5,810,018","245,145","476,450"
,북구,"13,797,338",0,0,0,"13,797,338","3,955,756","256,480","378,000","6,894,635","66,900","2,245,567"
,울주군,"18,181,443",0,0,0,"18,181,443","5,719,094","7,230","84,910","9,684,757","71,906","2,613,546"
세종,소계,"36,260,724","720,338",0,"720,338","35,540,386","4,450,964","546,558","756,892","3,767,056","16,545,480","9,473,436"
,세종시,"36,260,724","720,338",0,"720,338","35,540,386","4,450,964","546,558","756,892","3,767,056","16,545,480","9,473,436"
경기,소계,"1,111,862,697","3,779,195","811,428","2,967,767","1,108,083,502","120,633,940","11,848,199","10,702,900","713,348,628","181,325,571","70,224,264"
,수원시,"89,557,517",0,0,0,"89,557,517","884,457",0,0,"56,918,721","31,754,339",0
,고양시,"58,906,517",0,0,0,"58,906,517",0,0,0,"35,468,472","23,438,045",0
,성남시,"78,740,040",0,0,0,"78,740,040",0,0,0,"76,640,945",0,"2,099,095"
,용인시,"75,763,629",0,0,0,"75,763,629",0,0,0,"75,763,629",0,0
,부천시,"85,539,671","2,028,032",0,"2,028,032","83,511,639","4,911,245","522,296","1,229,417","63,488,260","4,530,311","8,830,110"
,안산시,"66,401,078",0,0,0,"66,401,078","13,672,113","657,440","910,927","32,596,000","16,894,821","1,669,777"
,남양주시,"55,110,037",0,0,0,"55,110,037",0,0,0,"42,522,211","12,587,826",0
,안양시,"24,000,000",0,0,0,"24,000,000",0,0,0,"24,000,000",0,0
,화성시,"64,518,386",0,0,0,"64,518,386","30,940,519","5,621,928","2,108,003","3,753,221","11,963,687","10,131,028"
,평택시,"35,961,043",0,0,0,"35,961,043",0,0,0,"35,961,043",0,0
,의정부시,"47,446,716",0,0,0,"47,446,716","549,701","844,949","1,406,087","37,573,881","1,331,790","5,740,308"
,시흥시,"44,850,006",0,0,0,"44,850,006","3,392,792","429,943",0,"31,522,098","8,177,557","1,327,616"
,파주시,"54,556,169",0,0,0,"54,556,169","15,057,872",0,0,"595,176","26,393,041","12,510,080"
,김포시,"28,951,104",0,0,0,"28,951,104",0,"270,571","188,266","18,862,513","9,629,754",0
,광명시,"38,899,214",0,0,0,"38,899,214","4,075,881","100,900","652,000","16,043,763","13,901,466","4,125,204"
,광주시,"33,772,777","95,771",0,"95,771","33,677,006","3,430,248","162,220","374,081","29,413,788","296,669",0
,군포시,"24,939,001",0,0,0,"24,939,001","6,244,316",0,0,"17,249,437",0,"1,445,248"
,오산시,"21,215,397",0,0,0,"21,215,397","3,250,831","157,319",0,"16,952,660","191,380","663,207"
,이천시,"18,059,354",0,0,0,"18,059,354",0,"49,720",0,"14,372,403","3,637,231",0
,양주시,"27,769,794",0,0,0,"27,769,794","205,328","82,559","158,000","16,258,649",0,"11,065,258"
,안성시,"12,965,609",0,0,0,"12,965,609","8,856,116","686,795","535,773","18,315","24,850","2,843,760"
,구리시,"21,223,273",0,0,0,"21,223,273",0,"145,590",0,"21,077,683",0,0
,포천시,"19,670,554",0,0,0,"19,670,554","2,863,481",0,"70,718","15,547,335","603,670","585,350"
,의왕시,"19,575,364",0,0,0,"19,575,364","1,890,210","175,799","476,930","7,287,164","8,470,845","1,274,416"
,하남시,"9,281,749",0,0,0,"9,281,749","3,300,265","5,328","17,799","5,958,357",0,0
,여주시,"7,446,500","1,103,222","811,428","291,794","6,343,278","3,406,903","303,160","640,071","1,809,884","183,260",0
,양평군,"10,820,878","552,170",0,"552,170","10,268,708","5,331,804","613,645","530,396","1,338,265","672,569","1,782,029"
,동두천시,"9,752,404",0,0,0,"9,752,404","1,792,846","153,463","539,792","6,073,390","995,924","196,989"
,과천시,"7,743,262",0,0,0,"7,743,262",0,0,"486,371","2,051,355","5,205,536",0
,가평군,"11,077,134",0,0,0,"11,077,134","3,768,906","512,474","200,000","2,219,965","441,000","3,934,789"
,연천군,"7,348,520",0,0,0,"7,348,520","2,808,106","352,100","178,269","4,010,045",0,0
강원,소계,"248,488,578","27,708,525","6,499,339","21,209,186","220,780,053","62,571,714","5,409,862","4,124,571","100,787,069","30,018,145","17,868,692"
,강원도,0,0,0,0,0,0,0,0,0,0,0
,춘천시,"35,797,845","821,653","729,049","92,604","34,976,192","9,536,193","1,735,832","21,500","17,356,874","1,548,993","4,776,800"
,원주시,"42,333,391",0,0,0,"42,333,391","17,705",0,0,"42,107,533","208,153",0
,강릉시,"45,783,500","14,263,910","1,500,152","12,763,758","31,519,590","14,107,640","64,482","802,119","11,779,939","2,117,339","2,648,071"
,동해시,"18,777,283","3,910,000",0,"3,910,000","14,867,283","7,833,426","319,385","171,112","4,089,645","171,106","2,282,609"
,태백시,"10,183,581",0,0,0,"10,183,581","3,547,437","287,986","641,974","5,032,153","674,031",0
,속초시,"6,325,859",0,0,0,"6,325,859","47,076","25,398","241,832","5,221,760",0,"789,793"
,삼척시,"11,424,353","1,055,418","675,821","379,597","10,368,935","6,216,040","670,218","242,880","2,009,436","1,230,361",0
,홍천군,"13,542,576","124,777",0,"124,777","13,417,799","727,120","363,054","9,380","4,924,722","6,411,741","981,782"
,횡성군,"7,537,486",0,0,0,"7,537,486","1,071,406","37,917","105,025","2,942,676","2,144,688","1,235,774"
,영월군,"6,075,602",0,0,0,"6,075,602","2,313,909","235,575","271,881","604,595","2,649,642",0
,평창군,"7,937,942",0,0,0,"7,937,942","2,670,021","36,120","46,201","1,200,000","3,421,600","564,000"
,정선군,"6,301,838",0,0,0,"6,301,838","3,767,698","203,134","68,613","1,028,942","1,118,701","114,750"
,철원군,"2,448,300",0,0,0,"2,448,300",0,0,0,0,0,"2,448,300"
,화천군,"4,216,952","1,019,000",0,"1,019,000","3,197,952","1,426,700","210,000","15,000","1,501,252",0,"45,000"
,양구군,"4,874,313","647,800",0,"647,800","4,226,513","2,200,384","556,222",0,"900,300","128,726","440,881"
,인제군,"7,409,862","600,755","600,755",0,"6,809,107","2,199,829","315,181","462,031",0,"3,531,342","300,724"
,고성군,"8,912,292","4,346,000","2,750,000","1,596,000","4,566,292","2,832,232","161,263","91,000",0,"1,481,797",0
,양양군,"8,605,603","919,212","243,562","675,650","7,686,391","2,056,898","188,095","934,023","87,242","3,179,925","1,240,208"
충북,소계,"134,391,158","18,126,178","14,178,231","3,947,947","116,264,980","29,647,101","1,723,395","1,222,331","58,589,417","24,468,144","614,592"
,청주시,"56,282,359","16,666,277","13,193,972","3,472,305","39,616,082","18,599,259","1,182,554","360,000","18,846,917","12,760","614,592"
,충주시,"23,643,143",0,0,0,"23,643,143","7,459,202","187,295","671,087","9,421,919","5,903,640",0
,제천시,"7,874,071",0,0,0,"7,874,071",0,0,0,"2,989,960","4,884,111",0
,보은군,"4,896,311",0,0,0,"4,896,311",0,0,0,"4,896,311",0,0
,옥천군,"5,935,008","472,934",0,"472,934","5,462,074","216,798",0,0,"5,140,000","105,276",0
,영동군,"5,614,000",0,0,0,"5,614,000","1,791,000","189,000",0,"2,786,000","848,000",0
,증평군,"4,341,113",0,0,0,"4,341,113",0,0,0,"2,341,113","2,000,000",0
,진천군,"11,304,948","984,259","984,259",0,"10,320,689","103,230","45,601",0,"4,784,258","5,387,600",0
,괴산군,"898,679","2,708",0,"2,708","895,971",0,0,0,"895,971",0,0
,음성군,"10,486,968",0,0,0,"10,486,968",0,0,0,"6,486,968","4,000,000",0
,단양군,"3,114,558",0,0,0,"3,114,558","1,477,612","118,945","191,244",0,"1,326,757",0
충남,소계,"220,721,359","6,038,714","2,022,978","4,015,736","214,682,645","30,161,771","3,585,270","3,778,057","146,026,860","18,302,937","12,827,750"
,충남도,0,0,0,0,0,0,0,0,0,0,0
,천안시,"73,387,380",0,0,0,"73,387,380","9,269,259","2,257,520","167,428","52,032,552","2,538,307","7,122,314"
,공주시,"5,462,704","129,166","77,166","52,000","5,333,538","4,119,193","398,454","126,051","579,840","110,000",0
,보령시,"14,307,773","1,765,459","1,225,718","539,741","12,542,314","776,808","97,626","380,434","4,766,543","5,602,340","918,563"
,아산시,"28,390,553","875,736",0,"875,736","27,514,817","3,754,164","62,572","975,518","17,487,968","1,693,453","3,541,142"
,서산시,"19,834,700",0,0,0,"19,834,700","1,694,804","64,796",0,"18,075,100",0,0
,논산시,"12,482,497",0,0,0,"12,482,497",0,0,0,"12,482,497",0,0
,계룡시,"1,745,148","200,219",0,"200,219","1,544,929","1,265,193","73,530","206,206",0,0,0
,당진시,"14,425,793",0,0,0,"14,425,793","973,858","95,383","640,642","11,655,877","1,006,542","53,491"
,금산군,"1,703,290",0,0,0,"1,703,290","250,000",0,"180,000","1,133,290",0,"140,000"
,부여군,"9,737,306",0,0,0,"9,737,306",0,0,0,"9,737,306",0,0
,서천군,"6,994,100","884,000","600,000","284,000","6,110,100","372,950","15,920","1,950","5,224,000","495,280",0
,청양군,"3,123,601",0,0,0,"3,123,601","1,136,099","51,179","384,288","308,873","852,708","390,454"
,홍성군,"12,289,489","120,094","120,094",0,"12,169,395","1,745,698","21,690","376,720","9,128,199","844,463","52,625"
,예산군,"9,017,125",0,0,0,"9,017,125","2,711,417","429,100","133,820","1,105,815","4,027,812","609,161"
,태안군,"7,819,900","2,064,040",0,"2,064,040","5,755,860","2,092,328","17,500","205,000","2,309,000","1,132,032",0
전북,소계,"207,797,816","12,889,936","7,024,185","5,865,751","194,907,880","42,939,384","3,719,188","11,071,337","109,281,439","20,619,909","7,276,623"
,전주시,"67,111,781",0,0,0,"67,111,781","14,993,597","765,762","107,637","33,721,718","15,194,223","2,328,844"
,군산시,"37,058,357","1,180,000","1,180,000",0,"35,878,357","3,195,284","192,500","4,876,600","27,613,973",0,0
,익산시,"31,042,033",0,0,0,"31,042,033",0,0,"696,749","30,345,284",0,0
,정읍시,"9,792,093",0,0,0,"9,792,093","380,339","116,228","403,200","8,722,245","170,081",0
,남원시,"10,617,295","1,450,000","1,220,000","230,000","9,167,295","5,424,013","380,000","300,000",0,"343,301","2,719,981"
,김제시,"9,706,683",0,0,0,"9,706,683","3,767,331","444,539","2,534,752","1,864,539","892,292","203,230"
,완주군,"7,298,457",0,0,0,"7,298,457","2,701,058","114,087","213,573","3,247,955","117,735","904,049"
,진안군,"1,679,462",0,0,0,"1,679,462","236,883","114,055","156,399","834,639","144,653","192,833"
,무주군,"3,705,492",0,0,0,"3,705,492","1,633,996","15,325","33,521","15,040","2,007,610",0
,장수군,"6,338,725","4,317,919","4,317,919",0,"2,020,806","169,604","21,899","157,515","1,229,155","316,875","125,758"
,임실군,"3,416,987",0,0,0,"3,416,987","2,280,176","98,000","297,948","448,863","292,000",0
,순창군,"2,142,700",0,0,0,"2,142,700","3,700","66,000","300,000","1,010,000","135,010","627,990"
,고창군,"12,048,463","5,801,797","306,266","5,495,531","6,246,666","4,355,667","385,936","96,968","228,028","1,006,129","173,938"
,부안군,"5,839,288","140,220",0,"140,220","5,699,068","3,797,736","1,004,857","896,475",0,0,0
전남,소계,"201,603,389","6,584,871","1,381,517","5,203,354","195,018,518","93,823,957","6,791,699","6,690,587","34,903,500","32,366,710","20,442,065"
,전남도,0,0,0,0,0,0,0,0,0,0,0
,목포시,"12,995,933",0,0,0,"12,995,933","9,867,346","624,120","376,692","1,602,159","113,933","411,683"
,여수시,"35,244,317",0,0,0,"35,244,317","17,063,154","956,288","1,293,212","2,682,356","10,111,963","3,137,344"
,순천시,"36,641,266","676,354",0,"676,354","35,964,912","8,575,000","370,698","741,478","14,297,000","3,050,492","8,930,244"
,나주시,"9,958,253",0,0,0,"9,958,253","5,295,854","283,139","554,896","2,925,270","899,094",0
,광양시,"10,930,093","2,274,600","1,000,000","1,274,600","8,655,493","6,267,241","1,408,633",0,"463,726","52,894","462,999"
,담양군,"4,664,008",0,0,0,"4,664,008","4,504,930",0,0,0,0,"159,078"
,곡성군,"2,976,555",0,0,0,"2,976,555","1,319,860","221,150","151,160","1,143,567","134,164","6,654"
,구례군,"3,622,300",0,0,0,"3,622,300","1,750,000","85,000","22,800","1,650,000","114,500",0
,고흥군,"8,432,336",0,0,0,"8,432,336","3,728,593","433,371","87,614","2,881,284","655,918","645,556"
,보성군,"5,118,488",0,0,0,"5,118,488","2,879,642",0,0,"1,423,450",0,"815,396"
,화순군,"7,204,956",0,0,0,"7,204,956","5,433,297","223,391","298,759","955,360","115,548","178,601"
,장흥군,"4,438,067",0,0,0,"4,438,067","2,131,394","26,673",0,"52,647","2,227,353",0
,강진군,"4,103,585","137,410","137,410",0,"3,966,175","1,844,975","151,873","110,000","287,918","1,271,409","300,000"
,해남군,"9,606,840","1,173,837","45,306","1,128,531","8,433,003","4,758,107","287,933","864,354","86,967","1,093,634","1,342,008"
,영암군,"5,883,590",0,0,0,"5,883,590","2,435,977","232,774","260,445","156,910","2,687,211","110,273"
,무안군,"8,821,378","118,070",0,"118,070","8,703,308","2,023,000","155,225","520,164","339,532","5,665,387",0
,함평군,"3,684,600","85,000",0,"85,000","3,599,600","1,047,451","155,140","462,089","1,403,250","332,770","198,900"
,영광군,"4,163,750",0,0,0,"4,163,750","2,025,261","332,297","119,759","1,128,954","557,479",0
,장성군,"5,334,990",0,0,0,"5,334,990","1,770,431","174,910","292,534","122,150","127,428","2,847,537"
,완도군,"4,723,100","615,000",0,"615,000","4,108,100","3,150,000","251,100","140,000","81,000","486,000",0
,진도군,"6,775,473",0,0,0,"6,775,473","3,665,127","264,857","42,441","942,000","965,256","895,792"
,신안군,"6,279,511","1,504,600","198,801","1,305,799","4,774,911","2,287,317","153,127","352,190","278,000","1,704,277",0
경북,소계,"287,017,538","24,345,564","4,449,309","19,896,255","262,671,974","81,102,464","4,233,022","3,930,331","121,402,540","30,979,408","21,024,209"
,포항시,"47,597,725","6,480,000",0,"6,480,000","41,117,725","19,553,235","822,678","509,141","16,462,245","1,931,839","1,838,587"
,경주시,"29,631,224",0,0,0,"29,631,224","5,090,541","354,749",0,"16,481,227","4,509,876","3,194,831"
,김천시,"31,447,686","15,155,418","3,149,309","12,006,109","16,292,268","4,165,176","677,247","864,731","10,121,629",0,"463,485"
,안동시,"13,534,974",0,0,0,"13,534,974","6,408,273","264,500","673,373","5,267,769","921,059",0
,구미시,"51,360,941",0,0,0,"51,360,941","14,457,274","421,731","398,797","12,821,455","10,467,684","12,794,000"
,영주시,"7,286,041",0,0,0,"7,286,041","2,024,765","175,713","239,994","4,808,840","16,100","20,629"
,영천시,"7,632,972","13,830",0,"13,830","7,619,142","2,990,254","164,817","4,785","4,372,290","86,996",0
,상주시,"7,940,098",0,0,0,"7,940,098","3,569,148","184,928",0,"251,285","3,934,737",0
,문경시,"7,866,798","44,226",0,"44,226","7,822,572","4,967,772","140,560","54,842","2,424,274","235,124",0
,경산시,"23,018,655","492,090",0,"492,090","22,526,565","5,640,806","68,739","13,680","16,271,453","515,472","16,415"
,군위군,"5,695,281","85,000",0,"85,000","5,610,281","453,640",0,"159,000","2,465,000","2,341,474","191,167"
,의성군,"5,285,317",0,0,0,"5,285,317","432,458","40,723","175,666","3,057,125","1,284,959","294,386"
,청송군,"2,000,000",0,0,0,"2,000,000",0,0,0,"2,000,000",0,0
,영양군,"1,986,741",0,0,0,"1,986,741","1,399,767","103,362",0,0,"483,612",0
,영덕군,"2,429,246",0,0,0,"2,429,246","2,134,282","294,964",0,0,0,0
,청도군,"2,940,000","1,300,000","1,300,000",0,"1,640,000","850,000","70,000","270,000",0,"350,000","100,000"
,고령군,"2,482,171",0,0,0,"2,482,171","32,525","15,522","61,880","2,183,162","16,611","172,471"
,성주군,"4,189,805",0,0,0,"4,189,805","437,594","19,033",0,"3,258,470","371,656","103,052"
,칠곡군,"9,971,023",0,0,0,"9,971,023","979,455",0,0,"8,161,708","754,112","75,748"
,예천군,"4,706,693",0,0,0,"4,706,693","2,471,921","268,776","200,000","1,609,252","104,064","52,680"
,봉화군,"5,142,853","75,000",0,"75,000","5,067,853","322,333",0,0,"2,630,418","1,524,692","590,410"
,울진군,"8,293,378",0,0,0,"8,293,378","1,370,551","53,252","197,405","4,995,755","922,461","753,954"
,울릉군,"4,577,916","700,000",0,"700,000","3,877,916","1,350,694","91,728","107,037","1,759,183","206,880","362,394"
경남,소계,"289,067,063","28,127,552","6,102,670","22,024,882","260,939,511","50,542,293","1,943,809","1,773,020","168,088,340","28,446,699","10,145,350"
,경남도,0,0,0,0,0,0,0,0,0,0,0
,창원시,"84,855,678",0,0,0,"84,855,678","21,629,284","280,996","92,320","60,951,797","1,901,281",0
,진주시,"29,201,891",0,0,0,"29,201,891","2,262,371","188,620","235,000","16,371,966","7,794,733","2,349,201"
,통영시,"37,092,488","18,181,799","258,698","17,923,101","18,910,689","1,378,220","80,412","365,092","15,095,743","580,188","1,411,034"
,사천시,"10,308,123","2,718,114","2,718,114",0,"7,590,009","4,939,333","329,800","79,948","1,556,894","60,000","624,034"
,김해시,"38,722,715",0,0,0,"38,722,715",0,0,0,"38,722,715",0,0
,밀양시,"11,691,896","4,000,000",0,"4,000,000","7,691,896","1,569,881","53,000",0,"5,851,190","217,825",0
,거제시,"20,970,720",0,0,0,"20,970,720","5,077,634","12,989",0,"8,224,513","5,698,977","1,956,607"
,양산시,"7,939,051",0,0,0,"7,939,051",0,0,0,"7,939,051",0,0
,의령군,"2,149,335",0,0,0,"2,149,335","1,500,100","105,203",0,"443,862","49,500","50,670"
,함안군,"6,862,732",0,0,0,"6,862,732","536,535",0,"20,818","3,128,358","2,986,160","190,861"
,창녕군,"4,876,222",0,0,0,"4,876,222","392,823",0,0,"2,190,338","2,293,061",0
,고성군,"5,239,663","153,517","78,600","74,917","5,086,146","2,543,219","163,567","288,398","233,778",0,"1,857,184"
,남해군,"4,844,935","1,008,958","1,008,958",0,"3,835,977","1,384,588","164,649","404,460","204,000","1,678,280",0
,하동군,"2,151,079",0,0,0,"2,151,079",0,0,0,0,"2,151,079",0
,산청군,"4,223,387","1,229,124","1,229,124",0,"2,994,263","2,130,878","186,088","146,765","165,495","150,813","214,224"
,함양군,"4,810,453","810,843","792,843","18,000","3,999,610","2,092,364","208,549",0,"431,997","1,263,942","2,758"
,거창군,"8,357,726",0,0,0,"8,357,726","339,636",0,"128,800","6,500,800","217,850","1,170,640"
,합천군,"4,768,969","25,197","16,333","8,864","4,743,772","2,765,427","169,936","11,419","75,843","1,403,010","318,137"
제주,소계,"237,248,934","92,882,364","20,274,483","72,607,881","144,366,570","52,681,986","2,964,818","11,715,433","26,597,635","17,732,470","32,674,228"
,제주도,"95,661,467","90,537,351","20,274,483","70,262,868","5,124,116",0,0,0,0,"2,568,432","2,555,684"
,제주시,"96,240,592",0,0,0,"96,240,592","33,138,533","1,837,059","7,590,908","14,451,017","11,652,814","27,570,261"
,서귀포시,"45,346,875","2,345,013",0,"2,345,013","43,001,862","19,543,453","1,127,759","4,124,525","12,146,618","3,511,224","2,548,283"
